{
    "name": "WebSockets",
    "description": "WebSocket Server and Client for Arduino based on RFC6455",
    "keywords": "wifi, http, web, server, client, websocket",
    "authors": [
        {
            "name": "Markus Sattler",
            "url": "https://github.com/Links2004",
            "maintainer": true
        }
    ],
    "repository": {
        "type": "git",
        "url": "https://github.com/Links2004/arduinoWebSockets.git"
    },
    "version": "2.0.9",
    "license": "LGPL-2.1",
    "export": {
        "exclude": [
            "tests"
        ]
    },
    "frameworks": "arduino",
    "platforms": "*",
    "examples": [
        "examples/*/*.ino"
    ]
}
